period_id|business|segment_lob|level_2|level_3|central_view|ccar_cluster|balance
2023Q4|CENTRAL|CENTRAL-NON CHORUS|U10000000|U11800000|AFFILIATE RECEIVABLES - INTERCOMPANY-NONIHC|BCDF|2301874.63
2023Q4|CENTRAL|CENTRAL-NON CHORUS|U10000000|U11800000|OTHER ASSETS|BCDF|2652.99
2023Q4|EQUITY DERIVATIVES|EQUITIES-FLOW DERIVATIVES|U10000000|U10800000|REC. FROM CUST - SETTLEMENTS - INTERNAL-NONIHC|BCDF|4.3
2023Q4|EQUITY DERIVATIVES|EQUITIES-FLOW DERIVATIVES|U10000000|U10900000|DERIVATIVE CONTRACTS - INTERCOMPANY-NONIHC|BCDF|0.41
2023Q4|EQUITY DERIVATIVES|EQUITIES-FLOW DERIVATIVES|U10000000|U10900000|EQUITY SECURITIES TRADING ASSETS|BCDF|-1.06
2023Q4|EQUITY DERIVATIVES|EQUITIES-FLOW DERIVATIVES|U10000000|U11700000|ACCRUED INTEREST AND DIVIDEND RECEIVABLES|BCDF|0.03
2023Q4|EQUITY DERIVATIVES|EQUITIES-STRUCTURED DERIVATIVES|U10000000|U10600000|REC. FROM BD/CLEARING ORGS - SETTLEMENTS|BCDF|401707.91
2023Q4|EQUITY DERIVATIVES|EQUITIES-STRUCTURED DERIVATIVES|U10000000|U10800000|REC. FROM CUST - SETTLEMENTS - INTERNAL-NONIHC|BCDF|0.43
2023Q4|EQUITY DERIVATIVES|EQUITIES-STRUCTURED DERIVATIVES|U10000000|U10900000|DERIVATIVE CONTRACTS - INTERCOMPANY-NONIHC|BCDF|87209.46
2023Q4|EQUITY DERIVATIVES|EQUITIES-STRUCTURED DERIVATIVES|U10000000|U10900000|EQUITY SECURITIES TRADING ASSETS|BCDF|37196205.35
2023Q4|EQUITY DERIVATIVES|EQUITIES-STRUCTURED DERIVATIVES|U10000000|U11800000|AFFILIATE RECEIVABLES|BCDF|0.01
2023Q4|EQUITY DERIVATIVES|EQUITIES-STRUCTURED DERIVATIVES|U10000000|U11800000|OTHER ASSETS - OTHER|BCDF|0.04
2023Q4|EQUITY FINANCING|EQUITY FINANCING|U10000000|U10800000|REC. FROM CUST - SETTLEMENTS - INTERNAL-NONIHC|BCDF|19016055.64
2023Q4|EQUITY FINANCING|EQUITY FINANCING|U10000000|U10900000|DERIVATIVE CONTRACTS|BCDF|26890.69
2023Q4|EQUITY FINANCING|EQUITY FINANCING|U10000000|U10900000|EQUITY SECURITIES TRADING ASSETS|BCDF|2052594480
2023Q4|EQUITY FINANCING|EQUITY FINANCING|U10000000|U11700000|ACCRUED INTEREST AND DIVIDEND RECEIVABLES|BCDF|1039203.5
2023Q4|EQUITY FINANCING|EQUITY FINANCING|U10000000|U11800000|AFFILIATE RECEIVABLES|BCDF|-0.43
2023Q4|EQUITY FINANCING|EQUITY FINANCING|U10000000|U11800000|OTHER ASSETS|BCDF|0.36
2023Q4|EQUITY FINANCING|EQUITY FINANCING|U10000000|U11800000|OTHER ASSETS - OTHER|BCDF|0.24
2023Q4|FIRM|CAPITAL HEDGE|U10000000|U10600000|REC. FROM BD/CLEARING ORGS - SETTLEMENTS|BCDF|0.01
2023Q4|FIRM|CAPITAL HEDGE|U10000000|U11800000|OTHER ASSETS|BCDF|25.04
2023Q4|FIRM|CAPITAL HEDGE|U10000000|U11800000|OTHER ASSETS - OTHER|BCDF|500
2023Q4|TREASURY|FUNDING & SHORT TERM INVESTMENT|U10000000|U10100000|CASH AND CASH EQUIVALENTS-NONIHC|BCDF|24.1
2023Q4|TREASURY|FUNDING & SHORT TERM INVESTMENT|U10000000|U10800000|RECEIVABLE FROM CUST - MARGIN - INTERCOMPANY-NONIHC|BCDF|63579295.64
2023Q4|ADVISORY|ADVISORY|U10000000|U10600000|REC. FROM BD/CLEARING ORGS|BCI|0.34
2023Q4|ADVISORY|ADVISORY|U10000000|U11800000|AFFILIATE RECEIVABLES - INTERCOMPANY-NONIHC|BCI|341.68
2023Q4|AGENCY DERIVATIVE SERVICES|AGENCY DERIVATIVE SERVICES-OTHER|U10000000|U10600000|REC. FROM BD/CLEARING ORGS - FAIL TO DELIVER|BCI|317137191.1
2023Q4|AGENCY DERIVATIVE SERVICES|AGENCY DERIVATIVE SERVICES-OTHER|U10000000|U11800000|OTHER ASSETS|BCI|6112162
2023Q4|AGENCY DERIVATIVE SERVICES|FUTURES|U10000000|U10100000|CASH AND CASH EQUIVALENTS|BCI|12006627.12
2023Q4|AGENCY DERIVATIVE SERVICES|FUTURES|U10000000|U10100000|CASH AND CASH EQUIVALENTS-OTHER|BCI|0.21
2023Q4|AGENCY DERIVATIVE SERVICES|FUTURES|U10000000|U10200000|CASH AND CASH EQUIVALENTS SEGREGATED FOR REGULATORY AND OTHER PURPOSES|BCI|839285224.1
2023Q4|AGENCY DERIVATIVE SERVICES|FUTURES|U10000000|U10200000|TRADING ASSETS CASH AND CASH EQUIVALENTS SEGREGATED FOR REGULATORY AND OTHER PURPOSES|BCI|-0.98
2023Q4|AGENCY DERIVATIVE SERVICES|FUTURES|U10000000|U10300000|REVERSE REPOS|BCI|5594
2023Q4|AGENCY DERIVATIVE SERVICES|FUTURES|U10000000|U10600000|DEFAULT FUND CONTRIBUTION|BCI|95386674.28
2023Q4|AGENCY DERIVATIVE SERVICES|FUTURES|U10000000|U10600000|REC. FROM BD/CLEARING ORGS|BCI|3449357.42
2023Q4|FIXED INCOME FINANCING|FIXED INCOME FINANCING|U10000000|U10800000|REC. FROM CUST - SETTLEMENTS - INTERNAL-NONIHC|BCDF|1901055.64
2023Q4|FIXED INCOME FINANCING|FIXED INCOME FINANCING|U10000000|U10900000|DERIVATIVE CONTRACTS|BCI|26890.69
2023Q4|FIXED INCOME FINANCING|FIXED INCOME FINANCING|U10000000|U10900000|AFFILIATE RECEIVABLES - INTERCOMPANY-NONIHC|OTHER|2052594480
2023Q4|FIXED INCOME FINANCING|FIXED INCOME FINANCING|U10000000|U11700000|ACCRUED INTEREST AND DIVIDEND RECEIVABLES|BCI|1039203.5
2023Q4|FIXED INCOME FINANCING|FIXED INCOME FINANCING|U10000000|U11800000|AFFILIATE RECEIVABLES|BCDF|-0.43
2023Q4|FIXED INCOME FINANCING|FIXED INCOME FINANCING|U10000000|U11800000|OTHER ASSETS|BCDF|0.36
2023Q4|FIXED INCOME FINANCING|FIXED INCOME FINANCING|U10000000|U11800000|OTHER ASSETS - OTHER|BCDF|0.24
2023Q4|CENTRAL|CENTRAL-NON CHORUS|U20000000|U11800000|AFFILIATE RECEIVABLES - INTERCOMPANY-NONIHC|BCDF|2301874.63
2023Q4|CENTRAL|CENTRAL-NON CHORUS|U20000000|U11800000|OTHER ASSETS|BCDF|2652.99
2023Q4|EQUITY DERIVATIVES|EQUITIES-FLOW DERIVATIVES|U20000000|U10800000|REC. FROM CUST - SETTLEMENTS - INTERNAL-NONIHC|BCDF|4.3
2023Q4|EQUITY DERIVATIVES|EQUITIES-FLOW DERIVATIVES|U20000000|U10900000|DERIVATIVE CONTRACTS - INTERCOMPANY-NONIHC|BCDF|0.41
2023Q4|EQUITY DERIVATIVES|EQUITIES-FLOW DERIVATIVES|U20000000|U10900000|EQUITY SECURITIES TRADING ASSETS|BCDF|-1.06
2023Q4|EQUITY DERIVATIVES|EQUITIES-FLOW DERIVATIVES|U20000000|U11700000|ACCRUED INTEREST AND DIVIDEND RECEIVABLES|BCDF|0.03
2023Q4|EQUITY DERIVATIVES|EQUITIES-STRUCTURED DERIVATIVES|U20000000|U10600000|REC. FROM BD/CLEARING ORGS - SETTLEMENTS|BCDF|401707.91
2023Q4|EQUITY DERIVATIVES|EQUITIES-STRUCTURED DERIVATIVES|U20000000|U10800000|REC. FROM CUST - SETTLEMENTS - INTERNAL-NONIHC|BCDF|0.43
2023Q4|EQUITY DERIVATIVES|EQUITIES-STRUCTURED DERIVATIVES|U20000000|U10900000|DERIVATIVE CONTRACTS - INTERCOMPANY-NONIHC|BCDF|87209.46
2023Q4|EQUITY DERIVATIVES|EQUITIES-STRUCTURED DERIVATIVES|U20000000|U10900000|EQUITY SECURITIES TRADING ASSETS|BCDF|371996205.4
2023Q4|EQUITY DERIVATIVES|EQUITIES-STRUCTURED DERIVATIVES|U20000000|U11800000|AFFILIATE RECEIVABLES|BCDF|0.01
2023Q4|EQUITY DERIVATIVES|EQUITIES-STRUCTURED DERIVATIVES|U20000000|U11800000|OTHER ASSETS - OTHER|BCDF|0.04
2023Q4|EQUITY FINANCING|EQUITY FINANCING|U20000000|U10800000|REC. FROM CUST - SETTLEMENTS - INTERNAL-NONIHC|BCDF|19016055.64
2023Q4|EQUITY FINANCING|EQUITY FINANCING|U20000000|U10900000|DERIVATIVE CONTRACTS|BCDF|26890.69
2023Q4|EQUITY FINANCING|EQUITY FINANCING|U20000000|U10900000|EQUITY SECURITIES TRADING ASSETS|BCDF|2052594480
2023Q4|EQUITY FINANCING|EQUITY FINANCING|U20000000|U11700000|ACCRUED INTEREST AND DIVIDEND RECEIVABLES|BCDF|1039203.5
2023Q4|EQUITY FINANCING|EQUITY FINANCING|U20000000|U11800000|AFFILIATE RECEIVABLES|BCDF|-0.43
2023Q4|EQUITY FINANCING|EQUITY FINANCING|U20000000|U11800000|OTHER ASSETS|BCDF|0.36
2023Q4|EQUITY FINANCING|EQUITY FINANCING|U20000000|U11800000|OTHER ASSETS - OTHER|BCDF|0.24
2023Q4|FIRM|CAPITAL HEDGE|U20000000|U10600000|REC. FROM BD/CLEARING ORGS - SETTLEMENTS|BCDF|0.01
2023Q4|FIRM|CAPITAL HEDGE|U20000000|U11800000|OTHER ASSETS|BCDF|25.04
2023Q4|FIRM|CAPITAL HEDGE|U20000000|U11800000|OTHER ASSETS - OTHER|BCDF|500
2023Q4|TREASURY|FUNDING & SHORT TERM INVESTMENT|U20000000|U10100000|CASH AND CASH EQUIVALENTS-NONIHC|BCDF|24.1
2023Q4|TREASURY|FUNDING & SHORT TERM INVESTMENT|U20000000|U10800000|RECEIVABLE FROM CUST - MARGIN - INTERCOMPANY-NONIHC|BCDF|63579295.64
2023Q4|ADVISORY|ADVISORY|U20000000|U10600000|REC. FROM BD/CLEARING ORGS|BCI|0.34
2023Q4|ADVISORY|ADVISORY|U20000000|U11800000|AFFILIATE RECEIVABLES - INTERCOMPANY-NONIHC|BCI|341.68
2023Q4|AGENCY DERIVATIVE SERVICES|AGENCY DERIVATIVE SERVICES-OTHER|U20000000|U10600000|REC. FROM BD/CLEARING ORGS - FAIL TO DELIVER|BCI|317137191.1
2023Q4|AGENCY DERIVATIVE SERVICES|AGENCY DERIVATIVE SERVICES-OTHER|U20000000|U11800000|OTHER ASSETS|BCI|6112162
2023Q4|AGENCY DERIVATIVE SERVICES|FUTURES|U20000000|U10100000|CASH AND CASH EQUIVALENTS|BCI|12006627.12
2023Q4|AGENCY DERIVATIVE SERVICES|FUTURES|U20000000|U10100000|CASH AND CASH EQUIVALENTS-OTHER|BCI|0.21
2023Q4|AGENCY DERIVATIVE SERVICES|FUTURES|U20000000|U10200000|CASH AND CASH EQUIVALENTS SEGREGATED FOR REGULATORY AND OTHER PURPOSES|BCI|839285224.1
2023Q4|AGENCY DERIVATIVE SERVICES|FUTURES|U20000000|U10200000|TRADING ASSETS CASH AND CASH EQUIVALENTS SEGREGATED FOR REGULATORY AND OTHER PURPOSES|BCI|-0.98
2023Q4|AGENCY DERIVATIVE SERVICES|FUTURES|U20000000|U10300000|REVERSE REPOS|BCI|5594
2023Q4|AGENCY DERIVATIVE SERVICES|FUTURES|U20000000|U10600000|DEFAULT FUND CONTRIBUTION|BCI|95386674.28
2023Q4|AGENCY DERIVATIVE SERVICES|FUTURES|U20000000|U10600000|REC. FROM BD/CLEARING ORGS|BCI|3449357.42
2023Q4|FIXED INCOME FINANCING|FIXED INCOME FINANCING|U20000000|U10800000|REC. FROM CUST - SETTLEMENTS - INTERNAL-NONIHC|BCDF|1316055.64
2023Q4|FIXED INCOME FINANCING|FIXED INCOME FINANCING|U20000000|U10900000|DERIVATIVE CONTRACTS|BCI|26890.69
2023Q4|FIXED INCOME FINANCING|FIXED INCOME FINANCING|U20000000|U10900000|AFFILIATE RECEIVABLES - INTERCOMPANY-NONIHC|OTHER|2052594480
2023Q4|FIXED INCOME FINANCING|FIXED INCOME FINANCING|U20000000|U11700000|ACCRUED INTEREST AND DIVIDEND RECEIVABLES|BCI|1039203.5
2023Q4|FIXED INCOME FINANCING|FIXED INCOME FINANCING|U20000000|U11800000|AFFILIATE RECEIVABLES|BCDF|-0.43
2023Q4|FIXED INCOME FINANCING|FIXED INCOME FINANCING|U20000000|U11800000|OTHER ASSETS|BCDF|0.36
2023Q4|FIXED INCOME FINANCING|FIXED INCOME FINANCING|U20000000|U11800000|OTHER ASSETS - OTHER|BCDF|0.24
