{
    "data_config": {
        "s3_base_path": "s3://myawstests3buckets1/financebenchmarking1/working_summary",
        "period_config": {
            "half_year": {
                "current": {
                    "driver_key": "Half Year Period"
                },
                "prior": {
                    "driver_key": "Prior Half Year Period"
                },
                "year_end": {
                    "driver_key": "Prior Year End Period"
                }
            },
            "quarter": {
                "current": {
                    "driver_key": "Current Quarter End Period"
                },
                "prior": {
                    "driver_key": "Prior Quarter End Period"
                },
                "prior_year": {
                    "driver_key": "Prior Quarter End Period Previous Year"
                }
            }
        },
        "period_mappings": {
            "results_period": {
                "half_year": "Half Year End Results Period",
                "quarter": "Quarter End Results Period"
            },
            "results_year": {
                "current": "Quarter End Results Period Year",
                "prior": "Prior Quarter End Results Period Year"
            }
        },
        "file_config": {
            "format": "json",
            "encoding": "utf-8"
        },
        "bank_configs": {
            "half_year": {
                "banks": [
                    {
                        "id": "barclays_uk",
                        "display_name": "Barclays",
                        "color": "#0051A2",
                        "field_mappings": {
                            "operating_expenses": [
                                "Total Operating Expenses (incl PPI)",
                                "Operating Expenses (incl bank levy)"
                            ],
                            "impairment": "Impairment"
                        },
                        "file_pattern": "barclays_uk_{year}_{period}_response.json"
                    },
                    {
                        "id": "lloyds_retail",
                        "display_name": "Lloyds Retail",
                        "color": "#006A4D",
                        "field_mappings": {
                            "operating_expenses": [
                                "Total Operating Expenses (incl PPI)",
                                "Operating Expenses (operating costs + restructuring)"
                            ],
                            "impairment": "Impairment"
                        },
                        "file_pattern": "lloyds_retail_{year}_{period}_response.json"
                    },
                    {
                        "id": "santander",
                        "display_name": "Santander",
                        "color": "#EC0000",
                        "field_mappings": {
                            "operating_expenses": [
                                "Total Operating Expenses (incl L&C)",
                                "Operating Expenses (Ex. L&C)"
                            ],
                            "impairment": "Impairment"
                        },
                        "file_pattern": "santander_{year}_{period}_response.json"
                    },
                    {
                        "id": "hsbc_uk_rbwm",
                        "display_name": "HSBC UK RBWM",
                        "color": "#DB0011",
                        "field_mappings": {
                            "operating_expenses": [
                                "Total Operating Expenses",
                                "Operating Expenses (Ex. L&C)"
                            ],
                            "impairment": "Impairment"
                        },
                        "file_pattern": "hsbc_uk_rbwm_{year}_{period}_response.json"
                    },
                    {
                        "id": "natwest",
                        "display_name": "NatWest",
                        "color": "#4B266D",
                        "field_mappings": {
                            "operating_expenses": [
                                "Total Operating Expenses (incl PPI)",
                                "Operating Expenses"
                            ],
                            "impairment": "Impairment"
                        },
                        "file_pattern": "natwest_{year}_{period}_response.json"
                    }
                ]
            },
            "quarter": {
                "banks": [
                    {
                        "id": "barclays_uk_group",
                        "display_name": "Barclays",
                        "color": "#0051A2",
                        "field_mappings": {
                            "operating_expenses": [
                                "Total Operating Expenses (incl PPI)",
                                "Operating Expenses (incl bank levy)"
                            ],
                            "impairment": "Impairment"
                        },
                        "file_pattern": "barclays_uk_group_{year}_{period}_response.json"
                    },
                    {
                        "id": "lloyds_group",
                        "display_name": "Lloyds Group",
                        "color": "#006A4D",
                        "field_mappings": {
                            "operating_expenses": [
                                "Total Operating Expenses (incl PPI)",
                                "Operating Expenses (operating costs + restructuring)"
                            ],
                            "impairment": "Impairment"
                        },
                        "file_pattern": "lloyds_group_{year}_{period}_response.json"
                    },
                    {
                        "id": "santander_uk_group",
                        "display_name": "Santander",
                        "color": "#EC0000",
                        "field_mappings": {
                            "operating_expenses": [
                                "Total Operating Expenses (incl L&C)",
                                "Operating Expenses (Ex. L&C)"
                            ],
                            "impairment": "Impairment"
                        },
                        "file_pattern": "santander_uk_group_{year}_{period}_response.json"
                    },
                    {
                        "id": "hsbc_uk_rbwm",
                        "display_name": "HSBC UK RBWM",
                        "color": "#DB0011",
                        "field_mappings": {
                            "operating_expenses": [
                                "Total Operating Expenses",
                                "Operating Expenses (Ex. L&C)"
                            ],
                            "impairment": "Impairment"
                        },
                        "file_pattern": "hsbc_uk_rbwm_{year}_{period}_response.json"
                    },
                    {
                        "id": "natwest",
                        "display_name": "NatWest",
                        "color": "#4B266D",
                        "field_mappings": {
                            "operating_expenses": [
                                "Total Operating Expenses (incl PPI)",
                                "Operating Expenses"
                            ],
                            "impairment": "Impairment"
                        },
                        "file_pattern": "natwest_{year}_{period}_response.json"
                    }
                ]
            }
        },
        "column_mappings": {
            "common_metrics": [
                "Total Income",
                "NII",
                "Non NII",
                "CIR",
                "NIM",
                "RoTE",
                "Customer Assets",
                "Customer Liabilities",
                "RWAs",
                "Impairment"
            ],
            "mapped_metrics": [
                "operating_expenses"
            ],
            "variance": ["Var", "Variance"],
            "percentage": ["%", "Percentage"]
        },
        "reference_bank": "Barclays"
    },
    "metrics_config": {
        "format_config": {
            "currency": {
                "prefix": "£",
                "suffix": "m",
                "decimal_places": 0,
                "use_separator": true
            },
            "percentage": {
                "decimal_places": 2,
                "suffix": "%"
            },
            "number": {
                "decimal_places": 2,
                "use_separator": true
            }
        },
        "half_year_metrics": [
            {
                "name": "Total Income",
                "type": "currency",
                "source_field": "Total Income",
                "description": "Half year income comparison",
                "format": "currency"
            },
            {
                "name": "Operating Expenses",
                "type": "currency",
                "source_field": "operating_expenses",
                "description": "Total operating expenses",
                "format": "currency"
            },
            {
                "name": "Impairment",
                "type": "currency",
                "source_field": "impairment",
                "description": "Impairment charges",
                "format": "currency"
            },
            {
                "name": "NIM",
                "type": "percentage",
                "source_field": "NIM",
                "description": "Net Interest Margin",
                "format": "percentage"
            },
            {
                "name": "CIR",
                "type": "percentage",
                "source_field": "CIR",
                "description": "Cost Income Ratio",
                "format": "percentage"
            }
        ],
        "quarter_metrics": [
            {
                "name": "Total Income",
                "type": "currency",
                "source_field": "Total Income",
                "description": "Quarter on Quarter Income comparison",
                "format": "currency"
            },
            {
                "name": "Operating Expenses",
                "type": "currency",
                "source_field": "operating_expenses",
                "description": "Total operating expenses",
                "format": "currency"
            },
            {
                "name": "Impairment",
                "type": "currency",
                "source_field": "impairment",
                "description": "Impairment charges",
                "format": "currency"
            },
            {
                "name": "NIM",
                "type": "percentage",
                "source_field": "NIM",
                "description": "Net Interest Margin QoQ",
                "format": "percentage"
            },
            {
                "name": "CIR",
                "type": "percentage",
                "source_field": "CIR",
                "description": "Cost Income Ratio QoQ",
                "format": "percentage"
            }
        ]
    },
    "chart_config": {
        "half_year_charts": [
            {
                "id": "income_comparison",
                "title": "Half Year Income Comparison",
                "type": "bar",
                "metric": "Total Income",
                "axis_config": {
                    "x_title": "Bank",
                    "y_title": "Total Income (£m)"
                }
            },
            {
                "id": "market_share",
                "title": "Market Share Analysis",
                "type": "pie",
                "metric": "Total Income",
                "use_percentage": true,
                "hole_size": 0.3
            },
            {
                "id": "nim_comparison",
                "title": "NIM Comparison - Half Year",
                "type": "line",
                "metric": "NIM",
                "axis_config": {
                    "x_title": "Period",
                    "y_title": "NIM (%)"
                }
            },
            {
                "id": "cir_comparison",
                "title": "Cost Income Ratio - Half Year",
                "type": "bar",
                "metric": "CIR",
                "axis_config": {
                    "x_title": "Bank",
                    "y_title": "CIR (%)"
                }
            },
            {
                "id": "impairment_comparison",
                "title": "Impairment Comparison - Half Year",
                "type": "bar",
                "metric": "impairment",
                "is_mapped": true,
                "axis_config": {
                    "x_title": "Bank",
                    "y_title": "Impairment (£m)"
                }
            },
            {
                "id": "opex_comparison",
                "title": "Operating Expenses - Half Year",
                "type": "bar",
                "metric": "operating_expenses",
                "is_mapped": true,
                "axis_config": {
                    "x_title": "Bank",
                    "y_title": "Operating Expenses (£m)"
                }
            }
        ],
        "quarter_charts": [
            {
                "id": "income_comparison",
                "title": "Quarterly Income Comparison",
                "type": "bar",
                "metric": "Total Income",
                "axis_config": {
                    "x_title": "Bank",
                    "y_title": "Total Income (£m)"
                }
            },
            {
                "id": "nim_trend",
                "title": "NIM Trend - Quarter",
                "type": "line",
                "metric": "NIM",
                "axis_config": {
                    "x_title": "Period",
                    "y_title": "NIM (%)"
                }
            },
            {
                "id": "cir_trend",
                "title": "Cost Income Ratio - Quarter",
                "type": "bar",
                "metric": "CIR",
                "axis_config": {
                    "x_title": "Bank",
                    "y_title": "CIR (%)"
                }
            },
            {
                "id": "impairment_trend",
                "title": "Impairment Trend - Quarter",
                "type": "line",
                "metric": "impairment",
                "is_mapped": true,
                "axis_config": {
                    "x_title": "Period",
                    "y_title": "Impairment (£m)"
                }
            },
            {
                "id": "opex_trend",
                "title": "Operating Expenses - Quarter",
                "type": "bar",
                "metric": "operating_expenses",
                "is_mapped": true,
                "axis_config": {
                    "x_title": "Bank",
                    "y_title": "Operating Expenses (£m)"
                }
            }
        ]
    },
    "layout_config": {
        "sections": {
            "half_year": {
                "title": "Half Year Analysis",
                "metrics_columns": 6,
                "chart_rows": [
                    {
                        "columns": ["income_comparison", "market_share"]
                    },
                    {
                        "columns": ["nim_comparison", "cir_comparison"]
                    },
                    {
                        "columns": ["impairment_comparison", "opex_comparison"]
                    }
                ]
            },
            "quarter": {
                "title": "Quarterly Analysis",
                "metrics_columns": 5,
                "chart_rows": [
                    {
                        "columns": ["income_comparison", "nim_trend"]
                    },
                    {
                        "columns": ["cir_trend", "impairment_trend"]
                    },
                    {
                        "columns": ["opex_trend"]
                    }
                ]
            }
        },
        "spacing": {
            "section": "2rem",
            "chart": "1rem",
            "divider": "---"
        },
        "default_chart_width": "use_container_width"
    },
    "visualization_config": {
        "colors": {
            "Barclays": "#0051A2",
            "Lloyds Retail": "#006A4D",
            "Lloyds Group": "#006A4D",
            "Santander": "#EC0000",
            "HSBC UK RBWM": "#DB0011",
            "NatWest": "#4B266D"
        },
        "period_colors": {
            "half_year": {
                "current": "#0051A2",
                "prior": "#006A4D"
            },
            "quarter": {
                "current": "#DB0011",
                "prior": "#4B266D"
            }
        },
        "chart_height": 400,
        "template": "plotly_white",
        "default_color": "#000000",
        "chart_styling": {
            "bar": {
                "opacity": 0.9,
                "text_position": "auto",
                "text_angle": 0
            },
            "line": {
                "line_width": 2,
                "marker_size": 8,
                "text_position": "top center"
            },
            "pie": {
                "text_position": "inside",
                "pull": 0.05,
                "opacity": 0.9
            }
        }
    }
}