{
    "report_config": {
        "metadata": {
            "title": "Competitor Analysis Report",
            "subtitle_template": "Banking Industry - {period}",
            "logo_url": "https://upload.wikimedia.org/wikipedia/en/thumb/7/7e/Barclays_logo.svg/391px-Barclays_logo.svg.png",
            "department": "Competitive Intelligence",
            "confidentiality": "Confidential - Internal Use Only"
        },
        "banks": {
            "retail": {
                "barclays": {
                    "name": "Barclays",
                    "color": "#0051A2",
                    "file_pattern": "s3://myawstests3buckets1/financebenchmarking1/working_summary/barclays_uk_{year}_{period}_response.json"
                },
                "lloyds": {
                    "name": "Lloyds Retail",
                    "color": "#006A4D",
                    "file_pattern": "s3://myawstests3buckets1/financebenchmarking1/working_summary/lloyds_retail_{year}_{period}_response.json"
                },
                "santander": {
                    "name": "Santander",
                    "color": "#EC0000",
                    "file_pattern": "s3://myawstests3buckets1/financebenchmarking1/working_summary/santander_{year}_{period}_response.json"
                },
                "hsbc": {
                    "name": "HSBC UK RBWM",
                    "color": "#DB0011",
                    "file_pattern": "s3://myawstests3buckets1/financebenchmarking1/working_summary/hsbc_uk_rbwm_{year}_{period}_response.json"
                },
                "natwest": {
                    "name": "NatWest",
                    "color": "#4B266D",
                    "file_pattern": "s3://myawstests3buckets1/financebenchmarking1/working_summary/natwest_{year}_{period}_response.json"
                }
            },
            "group": {
                "barclays": {
                    "name": "Barclays",
                    "color": "#0051A2",
                    "file_pattern": "s3://myawstests3buckets1/financebenchmarking1/working_summary/barclays_uk_group_{year}_{period}_response.json"
                },
                "lloyds": {
                    "name": "Lloyds Group",
                    "color": "#006A4D",
                    "file_pattern": "s3://myawstests3buckets1/financebenchmarking1/working_summary/lloyds_group_{year}_{period}_response.json"
                },
                "santander": {
                    "name": "Santander",
                    "color": "#EC0000",
                    "file_pattern": "s3://myawstests3buckets1/financebenchmarking1/working_summary/santander_uk_group_{year}_{period}_response.json"
                },
                "hsbc": {
                    "name": "HSBC UK RBWM",
                    "color": "#DB0011",
                    "file_pattern": "s3://myawstests3buckets1/financebenchmarking1/working_summary/hsbc_uk_rbwm_{year}_{period}_response.json"
                },
                "natwest": {
                    "name": "NatWest",
                    "color": "#4B266D",
                    "file_pattern": "s3://myawstests3buckets1/financebenchmarking1/working_summary/natwest_{year}_{period}_response.json"
                }
            }
        },
        "sections": {
            "cover_page": {
                "enabled": true,
                "order": 1,
                "title": "Cover Page",
                "elements": ["logo", "title", "subtitle", "date", "department", "confidentiality"]
            },
            "executive_summary": {
                "enabled": true,
                "order": 2,
                "title": "Executive Summary",
                "template": "This report provides a comprehensive analysis of the banking industry's performance for {period}, focusing on key metrics and competitive positioning among major UK banks.",
                "key_metrics": ["Total Income", "NIM", "CIR", "RoTE"]
            },
            "competitor_profiles": {
                "enabled": true,
                "order": 3,
                "title": "Competitor Profiles",
                "subsections": ["overview", "recent_developments", "strategy"]
            },
            "comparative_analysis": {
                "enabled": true,
                "order": 4,
                "title": "Comparative Analysis",
                "charts": {
                    "income_comparison": {
                        "type": "bar",
                        "title": "Total Income Comparison",
                        "metric": "Total Income",
                        "description": "Comparison of Total Income across banks"
                    },
                    "market_share": {
                        "type": "pie",
                        "title": "Market Share Analysis",
                        "metric": "Total Income",
                        "description": "Market share distribution based on Total Income"
                    },
                    "nim_comparison": {
                        "type": "line",
                        "title": "NIM Comparison",
                        "metric": "NIM",
                        "description": "Net Interest Margin trends"
                    }
                }
            },
            "swot_analysis": {
                "enabled": true,
                "order": 5,
                "title": "SWOT Analysis",
                "categories": ["strengths", "weaknesses", "opportunities", "threats"]
            },
            "key_takeaways": {
                "enabled": true,
                "order": 6,
                "title": "Key Takeaways"
            }
        },
        "metrics": {
            "income": {
                "name": "Total Income",
                "type": "currency",
                "format": "£{value}m",
                "description": "Total income for the period"
            },
            "nim": {
                "name": "NIM",
                "type": "percentage",
                "format": "{value}%",
                "description": "Net Interest Margin"
            },
            "cir": {
                "name": "CIR",
                "type": "percentage",
                "format": "{value}%",
                "description": "Cost Income Ratio"
            },
            "rote": {
                "name": "RoTE",
                "type": "percentage",
                "format": "{value}%",
                "description": "Return on Tangible Equity"
            }
        },
        "formatting": {
            "page": {
                "size": "A4",
                "margins": {
                    "top": "2.5cm",
                    "bottom": "2.5cm",
                    "left": "2.5cm",
                    "right": "2.5cm"
                }
            },
            "fonts": {
                "title": {
                    "family": "Arial",
                    "size": "24pt",
                    "color": "#0051A2"
                },
                "heading": {
                    "family": "Arial",
                    "size": "16pt",
                    "color": "#333333"
                },
                "body": {
                    "family": "Arial",
                    "size": "11pt",
                    "color": "#444444"
                }
            },
            "colors": {
                "primary": "#0051A2",
                "secondary": "#006A4D",
                "accent": "#FFD700",
                "background": "#ffffff",
                "text": "#444444"
            },
            "charts": {
                "height": 400,
                "width": "100%",
                "colors": {
                    "current": "#0051A2",
                    "prior": "#006A4D"
                }
            }
        }
    }
}